Workbook

Sheet Rules
A1: tag | B1: assetDomain | C1: computerDnsName.contains | D1: computerDnsName.startsWith | E1: computerDnsName.endsWith | F1: osPlatform.contains | G1: osPlatform.startsWith | H1: osPlatform.endsWith | I1: osPlatform.equals | J1: lastIpAddress.startsWith | K1: rbacGroupName.contains | L1: rbacGroupName.startsWith | M1: rbacGroupName.endsWith | N1: rbacGroupName.equals | O1: machineTags.equals | P1: onboardingStatus.equals | Q1: managedBy.equals | R1: isAadJoined.equals
A2: SECAAS_WKS | B2: Workplace | G2: Windows10
A3: SECAAS_WKS | B3: Workplace | G3: Windows11
A4: SECAAS_WIN SRV | B4: Hybrid cloud Windows | G4: WindowsServer
A5: SECAAS_LXS SRV | B5: Hybrid cloud Linux/Unix | I5: Linux
A6: SECAAS_LXS SRV | B6: Hybrid cloud Linux/Unix | I6: Ubuntu
A7: SECAAS_LXS SRV | B7: Hybrid cloud Linux/Unix | I7: RockyLinux
A8: SECAAS_LXS SRV | B8: Hybrid cloud Linux/Unix | I8: CentOS
A9: SECAAS_OTHER | B9: Workplace | I9: iOS
A10: SECAAS_NET | B10: Network
A11: SECAAS_NET | B11: Network
A12: SECAAS_NET | B12: Network
A13: SECAAS_NET | B13: Network

Sheet Instructions
A1: CTEM tagging rules · customer input
A3: 1 | B3: Enter one tag rule per row on Rules. Choose its assetDomain beside the mandatory tag.
A4: 2 | B4: Leave unused filters empty. All filled filters within a row must match (AND).
A5: 3 | B5: Multiple rows can use the same tag. If multiple rules match, their row order decides priority.
A6: 4 | B6: Text filters ignore case; machineTags.equals matches an exact tag; isAadJoined.equals takes true or false.
A7: 5 | B7: An empty row is ignored. A tag without any filter is rejected to avoid matching every device.
A8: 6 | B8: See Examples for sample rows. Do not paste the example rows into Rules unless intended.
A12: 10 | B12: Asset Domains lists all eight domains and displays the current Rules tag-to-domain mapping.
A13: 11 | B13: The sample mappings on Examples are illustrative; set your actual mappings on Rules.
A14: 12 | B14: The previous Python converter expects old headers; update it before exporting this revised sheet to JSON.

Sheet Examples
A1: tag | B1: assetDomain | C1: computerDnsName.contains | D1: computerDnsName.startsWith | E1: computerDnsName.endsWith | F1: osPlatform.contains | G1: osPlatform.startsWith | H1: osPlatform.endsWith | I1: osPlatform.equals | J1: lastIpAddress.startsWith | K1: rbacGroupName.contains | L1: rbacGroupName.startsWith | M1: rbacGroupName.endsWith | N1: rbacGroupName.equals | O1: machineTags.equals | P1: onboardingStatus.equals | Q1: managedBy.equals | R1: isAadJoined.equals
A2: CTEM-WINSRV | B2: Hybrid cloud Windows | G2: WindowsServer
B3: Hybrid cloud Linux/Unix
B4: Workplace
B5: Workplace
B6: OT
B7: Network
B8: SaaS
B9: IOT

Sheet Asset Domains
A1: Asset domain | B1: Rule count | D1: Tag (from Rules) | E1: Asset domain (from Rules) | G1: Example tag | H1: Example asset domain
A2: Hybrid cloud Linux/Unix | B2: =COUNTIF(Rules!$B$2:$B$101,A2) -> 4 | D2: =IF(Rules!A2="","",Rules!A2) -> SECAAS_WKS | E2: =IF(Rules!A2="","",Rules!B2) -> Workplace | G2: =Examples!A2 -> CTEM-WINSRV | H2: =Examples!B2 -> Hybrid cloud Windows
A3: Hybrid cloud Windows | B3: =COUNTIF(Rules!$B$2:$B$101,A3) -> 1 | D3: =IF(Rules!A3="","",Rules!A3) -> SECAAS_WKS | E3: =IF(Rules!A3="","",Rules!B3) -> Workplace | G3: =Examples!A3 -> 0 | H3: =Examples!B3 -> Hybrid cloud Linux/Unix
A4: Hybrid cloud Other | B4: =COUNTIF(Rules!$B$2:$B$101,A4) -> 0 | D4: =IF(Rules!A4="","",Rules!A4) -> SECAAS_WIN SRV | E4: =IF(Rules!A4="","",Rules!B4) -> Hybrid cloud Windows | G4: =Examples!A4 -> 0 | H4: =Examples!B4 -> Workplace
A5: Network | B5: =COUNTIF(Rules!$B$2:$B$101,A5) -> 4 | D5: =IF(Rules!A5="","",Rules!A5) -> SECAAS_LXS SRV | E5: =IF(Rules!A5="","",Rules!B5) -> Hybrid cloud Linux/Unix | G5: =Examples!A5 -> 0 | H5: =Examples!B5 -> Workplace
A6: Workplace | B6: =COUNTIF(Rules!$B$2:$B$101,A6) -> 3 | D6: =IF(Rules!A6="","",Rules!A6) -> SECAAS_LXS SRV | E6: =IF(Rules!A6="","",Rules!B6) -> Hybrid cloud Linux/Unix | G6: =Examples!A6 -> 0 | H6: =Examples!B6 -> OT
A7: OT | B7: =COUNTIF(Rules!$B$2:$B$101,A7) -> 0 | D7: =IF(Rules!A7="","",Rules!A7) -> SECAAS_LXS SRV | E7: =IF(Rules!A7="","",Rules!B7) -> Hybrid cloud Linux/Unix | G7: =Examples!A7 -> 0 | H7: =Examples!B7 -> Network
A8: IOT | B8: =COUNTIF(Rules!$B$2:$B$101,A8) -> 0 | D8: =IF(Rules!A8="","",Rules!A8) -> SECAAS_LXS SRV | E8: =IF(Rules!A8="","",Rules!B8) -> Hybrid cloud Linux/Unix | G8: =Examples!A8 -> 0 | H8: =Examples!B8 -> SaaS
A9: SaaS | B9: =COUNTIF(Rules!$B$2:$B$101,A9) -> 0 | D9: =IF(Rules!A9="","",Rules!A9) -> SECAAS_OTHER | E9: =IF(Rules!A9="","",Rules!B9) -> Workplace | G9: =Examples!A9 -> 0 | H9: =Examples!B9 -> IOT
D10: =IF(Rules!A10="","",Rules!A10) -> SECAAS_NET | E10: =IF(Rules!A10="","",Rules!B10) -> Network
A11: The Rules mapping updates as you fill in Rules. | D11: =IF(Rules!A11="","",Rules!A11) -> SECAAS_NET | E11: =IF(Rules!A11="","",Rules!B11) -> Network
A12: Example mappings are shown on the right. | D12: =IF(Rules!A12="","",Rules!A12) -> SECAAS_NET | E12: =IF(Rules!A12="","",Rules!B12) -> Network
A13: The Python converter needs an updated layout. | D13: =IF(Rules!A13="","",Rules!A13) -> SECAAS_NET | E13: =IF(Rules!A13="","",Rules!B13) -> Network
D14: =IF(Rules!A14="","",Rules!A14) | E14: =IF(Rules!A14="","",Rules!B14)
D15: =IF(Rules!A15="","",Rules!A15) | E15: =IF(Rules!A15="","",Rules!B15)
D16: =IF(Rules!A16="","",Rules!A16) | E16: =IF(Rules!A16="","",Rules!B16)
D17: =IF(Rules!A17="","",Rules!A17) | E17: =IF(Rules!A17="","",Rules!B17)
D18: =IF(Rules!A18="","",Rules!A18) | E18: =IF(Rules!A18="","",Rules!B18)
D19: =IF(Rules!A19="","",Rules!A19) | E19: =IF(Rules!A19="","",Rules!B19)
D20: =IF(Rules!A20="","",Rules!A20) | E20: =IF(Rules!A20="","",Rules!B20)
D21: =IF(Rules!A21="","",Rules!A21) | E21: =IF(Rules!A21="","",Rules!B21)
D22: =IF(Rules!A22="","",Rules!A22) | E22: =IF(Rules!A22="","",Rules!B22)
D23: =IF(Rules!A23="","",Rules!A23) | E23: =IF(Rules!A23="","",Rules!B23)
D24: =IF(Rules!A24="","",Rules!A24) | E24: =IF(Rules!A24="","",Rules!B24)
D25: =IF(Rules!A25="","",Rules!A25) | E25: =IF(Rules!A25="","",Rules!B25)
... D101: =IF(Rules!A101="","",Rules!A101) | E101: =IF(Rules!A101="","",Rules!B101)
